{
    "projectId": "6893730f00268e479747",
    "endpoint": "https://nyc.cloud.appwrite.io/v1",
    "functions": [
        {
            "$id": "68944e4c0028dd009ed1",
            "name": "googleoauthcallback",
            "runtime": "dart-3.5",
            "specification": "s-0.5vcpu-512mb",
            "execute": [
                "any"
            ],
            "events": [],
            "scopes": [
                "users.read"
            ],
            "schedule": "",
            "timeout": 15,
            "enabled": true,
            "logging": true,
            "entrypoint": "lib/main.dart",
            "commands": "dart pub get",
            "path": "functions/googleoauthcallback"
        }
    ]
}